{"train": [6.1479265266547936, 5.609950202719038, 5.53265150984647, 5.351223851308499, 5.248762252436605], "val": [5.908242630958557, 5.671333420276642, 5.4289178311824795, 5.004563166201114, 5.163015657663346]}